group,size,ST.i.bray,NST.i.bray,MST.i.bray,SES.i.bray,RC.i.bray
1,total,404550,0.539671829238367,0.289474612548393,0.283041221727382,33.2421700341894,0.899068723272772
